Nombre;Matricula;Color
"Dave Hodgson; Mr";HHMB18;Amaranth
"Marvin Rees; Mrï¿½";AULC18;Arylide Yellow
"Mike Starkie; Mr";KBDR65;Granite Gray
"Ros Jones; Ms";IIZE45;Han Blue
"Jules Pipe; Mr";BYTL73;Iguana Green
"Peter Soulsby; Mr";YKOQ87;International Klein Blue
"Steve Bullock; Mr";DOVH49;Kobe
"Joe Anderson; Mr";QISN45;Lavender Pink
"Sadiq Khan; Mr";CWUH94;Light Blue
"Kate Allsop; Ms";EFVS60;Light Sea Green
"Dave Budd; Mr";TCJM70;Livid
"Robin Wales; Mr";FHUE42;Maximum Green
"Norma Redfearn; Mrs";CCQS45;Ochre
"Paul Dennett; Mr";CONN33;Pale Copper
"Gordon Oliver; Mr";BITM49;Pastel Yellow
"John Biggs; Mr";RYXW50;Persian Indigo
"Dorothy Thornhill; Mrs";XUZR60;Pineapple